,Tweets,Subjectivity,Polarity,Analysis
0,"RT @pub_neat: Parents got the second dose of vaccine in Janak Puri today üôè. Told them seedha ghar aana. 

Just got a call from a friend, wh‚Ä¶",0.0,0.0,Neutral
1,"RT @valnevaSE: Today we‚Äôve met a big milestone, with the first volunteer being vaccinated in the Phase 3 trial of our inactivated #COVID19‚Ä¶",0.21666666666666667,0.125,Positive
2,"RT @DrKevinGray: after weeks of criticism of gov for not getting enough vaccines, conservative media shift their critique towards inability‚Ä¶",0.5,0.0,Neutral
3,"@RastaRedpill I have Hashimoto's, Diabetes, and High BP. No adverse reactions to the Pfizer vaccine except just mil‚Ä¶ https://t.co/5bwLz222qR",0.5399999999999999,0.16,Positive
4,RT @harshaag_15: Had he told his parents that when they would return back after second jab he would welcome them with home made chole bhatu‚Ä¶,0.3,0.26666666666666666,Positive
5,"‡§ï‡•ã‡§∞‡•ã‡§®‡§æ ‡§ï‡•á ‡§á‡§∏ ‡§∏‡§Ç‡§ï‡§ü ‡§ï‡§æ‡§≤ ‡§Æ‡•á‡§Ç Vaccine ‡§ï‡•Ä ‡§Ö‡§π‡§Æ‡§ø‡§Ø‡§§ ‡§∏‡§≠‡•Ä ‡§ï‡•ã ‡§™‡§§‡§æ ‡§ö‡§≤ ‡§∞‡§π‡•Ä ‡§π‡•à, ‡§á‡§∏‡§≤‡§ø‡§è, ‡§Æ‡•á‡§∞‡§æ ‡§Ü‡§ó‡•ç‡§∞‡§π ‡§π‡•à ‡§ï‡§ø Vaccine  ‡§ï‡•ã ‡§≤‡•á‡§ï‡§∞ ‡§ï‡§ø‡§∏‡•Ä ‡§≠‡•Ä‚Ä¶ https://t.co/jyUaQ5aPNx",0.0,0.0,Neutral
6,RT @TrentCapelli: I‚Äôm doing a Bible study this morning and just reading the part where Jesus tells his followers that God doesn‚Äôt want you‚Ä¶,0.0,0.0,Neutral
7,RT @austuck: Atlanta should put the vaccine in a hookah if they really want everyone to get it.,0.2,0.2,Positive
8,RT @Vikram_Sood: Gravitas: Bill Gates says no to sharing vaccine formulas to developing w... https://t.co/vRokJrzYhX via @YouTube The power‚Ä¶,0.0,0.0,Neutral
9,"@richieashburn Once you've had the actual virus, any form of Coronavirus -  your body will have a memory of it - ye‚Ä¶ https://t.co/yjox5ABope",0.1,0.0,Neutral
10,RT @theskindoctor13: @chetan_bhagat If a vaccine is safe on US people it does not mean it'll be safe on Indians as well. That's why bridge‚Ä¶,0.5625,0.3854166666666667,Positive
11,"RT @astroehlein: Some folks have looked at this map and asked, ‚ÄúBrazil, too?‚Äù 

Yes, Brazil, too: https://t.co/PGqa9NDQTn 

Others have loo‚Ä¶",0.0,0.0,Neutral
12,RT @MayankU91679811: @chetan_bhagat Sir stop lobbying ..... please go  to America ...and take pfzier and Moderna ....and which ever vaccine‚Ä¶,0.0,0.0,Neutral
13,"There are STILL spots open for tomorrow and Friday. If you‚Äôre in #yeg and area, and are eligible: follow the link a‚Ä¶ https://t.co/fXTcJV0VQC",0.5,0.0,Neutral
14,Why they heating my vaccine up on a spoon,0.0,0.0,Neutral
15,TN lifting covid restrictions makes me even more anxious to get my vaccine next month üò£ I am terrified to get sick like that again,0.5892857142857143,-0.11607142857142858,Negative
16,"RT @angie_rasmussen: –û–Ω–∏ –æ–±–∞–ª–¥–µ–ª–∏!

The Sputnik V vaccine Ad5 vector is evidently replication competent. The makers apparently neglected to‚Ä¶",0.4222222222222222,0.26666666666666666,Positive
17,RT @HerrBains: The chetanbhagatization of the vaccine discourse is another low on SM.,0.3,0.0,Neutral
18,"RT @CaulfieldTim: Dear @joerogan, 

No, no, no, no. You are SO wrong. ""Healthy"" people DO need to get vaccinated. 
- Young people can get C‚Ä¶",0.6,0.03333333333333333,Positive
19,RT @JujuliaGrace: We must be so careful. Many people in the UK have not received a vaccine. What is happening in India is utterly horrific;‚Ä¶,0.8333333333333334,0.13333333333333333,Positive
20,"RT @benshapiro: Vaccine demand is dropping, particularly among the young and among minorities. To reverse this, we should tell people they‚Ä¶",0.3666666666666667,0.13333333333333333,Positive
21,Honestly headlines like these just make me want to punch a wall,0.9,0.6,Positive
22,RT @Miexriir: I asked the nurse giving my vaccine if I could use a bandaid I brought from home and she was like ‚ÄúI don‚Äôt see why not‚Äù and n‚Ä¶,0.0,0.0,Neutral
23,"RT @alfgunvald: Today in pandemic news: 

Corporate tycoon who rents mansion in Mayfair, London for 69,000 dollars a week lowers price of v‚Ä¶",0.0,0.0,Neutral
24,"‡§ú‡§Ø ‡§π‡§ø‡§Ç‡§¶ üö©
‡§ú‡•ã ‡§≤‡•ã‡§ó ‡§ï‡§π ‡§∞‡§π‡•á ‡§π‡•à‡§Ç Oxygen ‡§§‡•ã ‡§Ü ‡§∞‡§π‡§æ ‡§π‡•à‡§Ç ‡§Æ‡•ã‡§π‡§Æ‡•ç‡§Æ‡§¶ ‡§ï‡•á ‡§∂‡§π‡§∞ ‡§∏‡•á ....
 ‡§â‡§®‡§ï‡•ã ‡§¨‡§§‡§æ ‡§¶‡•Å , ‡§™‡§π‡§≤‡•á Vaccine ‡§ó‡§Ø‡§æ ‡§•‡§æ ‡§∞‡§æ‡§Æ ‡§ï‡•á ‡§∂‡§π‚Ä¶ https://t.co/LJhPJJRtui",0.0,0.0,Neutral
25,"RT @CARROTHUSBAND: the covid situation in India is really bad. The government isn't doing shit, and there are over 350k cases everyday. The‚Ä¶",0.688888888888889,-0.36666666666666664,Negative
26,"RT @VaxHuntersCan: We are honoured to be joining the City of Toronto‚Äôs efforts to get the city vaccinated. 
This is a new phase for us and‚Ä¶",0.45454545454545453,0.13636363636363635,Positive
27,"Listen, Vaccine Hunters is doing *amazing* work. I RT them all the time. But it's fricking *ridiculous* and a sign‚Ä¶ https://t.co/JDst9YS08i",0.95,0.1333333333333334,Positive
28,"RT @CARROTHUSBAND: the covid situation in India is really bad. The government isn't doing shit, and there are over 350k cases everyday. The‚Ä¶",0.688888888888889,-0.36666666666666664,Negative
29,"RT @CARROTHUSBAND: the covid situation in India is really bad. The government isn't doing shit, and there are over 350k cases everyday. The‚Ä¶",0.688888888888889,-0.36666666666666664,Negative
30,"RT @angie_rasmussen: –û–Ω–∏ –æ–±–∞–ª–¥–µ–ª–∏!

The Sputnik V vaccine Ad5 vector is evidently replication competent. The makers apparently neglected to‚Ä¶",0.4222222222222222,0.26666666666666666,Positive
31,ü§î,0.0,0.0,Neutral
32,RT AND FOLLOW,0.0,0.0,Neutral
33,"RT @LPerrins: I don't know why people are getting excited about International vaccine passports. 
They will not exempt you from the 3 PCR t‚Ä¶",0.375,0.1875,Positive
34,@EssexPR Why would we need ‚Äúvaccine passports‚Äù if cases are so low. Assuming Europe falls this low why do we need t‚Ä¶ https://t.co/a6YMPmNTNg,0.3,0.0,Neutral
35,"RT @Aabhas24: Vaccine is not like drinking alcohol over water-tank. 

Chetan, do not poke nose in subjects you are completely alien of. 

R‚Ä¶",0.75,-0.25,Negative
36,"RT @Satyanewshi: Why Pfizer vaccine wasn't approved in India?
1. Pfizer wanted India to sign a clause exempting it from any side effect-rel‚Ä¶",0.0,0.0,Neutral
37,"RT @CARROTHUSBAND: the covid situation in India is really bad. The government isn't doing shit, and there are over 350k cases everyday. The‚Ä¶",0.688888888888889,-0.36666666666666664,Negative
38,RT @priyankac19: Vaccine For All. Vaccine For All. Vaccine For All. Vaccine For All. Vaccine For All. Vaccine For All. Vaccine For All. Vac‚Ä¶,0.0,0.0,Neutral
39,RT @ManishPangotra5: 1‡§Æ‡§à ‡§∏‡•á ‡§∂‡•Å‡§∞‡•Ç ‡§π‡•ã‡§®‡•á ‡§µ‡§æ‡§≤‡•á ‡§ü‡•Ä‡§ï‡§æ‡§ï‡§∞‡§£ ‡§ï‡•á ‡§≤‡§ø‡§è ‡§∞‡§ú‡§ø‡§∏‡•ç‡§ü‡•ç‡§∞‡•á‡§∂‡§® ‡§ï‡•à‡§∏‡•á ‡§ï‡§∞‡•á‡§Ç? ‡§ï‡•ç‡§Ø‡§æ ‡§ï‡•ç‡§Ø‡§æ documents ‡§ï‡•Ä ‡§ú‡§∞‡•Ç‡§∞‡§§ ‡§π‡•à ? ‡§ú‡§æ‡§®‡§ø‡§è ‡§∏‡§Ç‡§™‡•Ç‡§∞‡•ç‡§£ ‡§ú‡§æ‡§®‡§ï‡§æ‡§∞‡•Ä Dr‚Ä¶,0.0,0.0,Neutral
40,"RT @himantabiswa: Mr Disinformation Gandhi, first you tried to mislead India on the 'Made in India' vaccines. Now you're again trying to cr‚Ä¶",0.3333333333333333,0.25,Positive
41,"RT @TishaCM: If you have proof that corruption is indeed happening in vaccine procurement, that there are kickVacs, why not establish and f‚Ä¶",0.0,0.0,Neutral
42,@MihirkJha @nirwamehta Dilip jaise chumtiye logon ko vaccine wahi lagwani chaiye.,0.0,0.0,Neutral
43,"@vikramhegde 1. The law is ‚Äúone drug, one price‚Äù = one MRP. 2. All new drugs require price approval 3. Vaccine tick‚Ä¶ https://t.co/gIjm3dmYo9",0.45454545454545453,0.13636363636363635,Positive
44,"RT @JuanP630: Explicaci√≥n t√©cnica es esto, @norabar. No el mamarracho de panfleto de Gamaleya que te mandan a dar RT",0.0,0.0,Neutral
45,"RT @VaxHuntersCan: [ON] 18+ M2M M2R

Head on over to Newtonbrook Highschool (155 Hilda Ave) NOW to receive an appointment card for an appoi‚Ä¶",1.0,-0.75,Negative
46,@benshapiro We should go back to normal by mid June when everyone who wants the vaccine will have had the chance to‚Ä¶ https://t.co/1yU0ZMMQrC,0.18749999999999997,0.0875,Positive
47,No but that smartphone we all carry with us every day does.,0.0,0.0,Neutral
48,"@Spotify Dear @Spotify @SpotifyNews @SpotifyUSA:

Our family of six are strong supporters of your platform. And we‚Ä¶ https://t.co/XOewIZcdTf",0.7333333333333333,0.4333333333333333,Positive
49,"RT @ShelbyKStewart: I want to live in a world where thousands of people in India aren't dying due to lack of the vaccine, and millions of A‚Ä¶",0.4375,0.005681818181818177,Positive
50,"RT @kenklippenstein: Weird how when you make vaccines free and cut out the hellish insurance process, most people get vaccinated",0.7666666666666666,0.13333333333333333,Positive
51,"RT @narendramodi: We also reviewed our diverse bilateral cooperation, especially in the area of space exploration and renewable energy sect‚Ä¶",1.0,0.0,Neutral
52,RT @Miexriir: I asked the nurse giving my vaccine if I could use a bandaid I brought from home and she was like ‚ÄúI don‚Äôt see why not‚Äù and n‚Ä¶,0.0,0.0,Neutral
53,RT @b_sutterer: Joe Rogan has brainwashed a lot of people into thinking that a large platform and success equates to accurate knowledge and‚Ä¶,0.353968253968254,0.3047619047619048,Positive
54,@markghost45 Anti- vaccine ignoramus people are as dangerous as the Virus,0.9,-0.6,Negative
55,"RT @ananavarro: FL businesses are banned from requiring proof of vaccination, but requiring people NOT be vaccinated seemingly ok. For $30k‚Ä¶",0.5,0.5,Positive
56,"UPDATE:

VACCINE SIDE EFFECTS ARE GONE! 

Whew. Monday night and yesterday sucked big time. My arm is still really‚Ä¶ https://t.co/jmXQGxU7Au",0.1,0.0,Neutral
57,I will make less profit on a life saving vaccine on which i was already making a profit see i am such a good guy wi‚Ä¶ https://t.co/tDFM4iDGgw,0.3888888888888889,0.17777777777777778,Positive
58,"@Prateek_xeo @Cwg7791 @benshapiro I don't think that's true.
It's possible that immunity lasts for decades.‚Ä¶ https://t.co/0Dc4Wt9bLe",0.825,0.175,Positive
59,"RT @LPerrins: I don't know why people are getting excited about International vaccine passports. 
They will not exempt you from the 3 PCR t‚Ä¶",0.375,0.1875,Positive
60,"@S04Julius @SynphZ @squaaaxbt I'll be taking the vaccine, but i feel it is unfair to restrict the freedom of people‚Ä¶ https://t.co/TVoDCoLBvY",1.0,-0.5,Negative
61,"@meenaharris Honestly, I‚Äôm not. A year of proper guidelines, getting vaccine (both) I feel good about my health hab‚Ä¶ https://t.co/nW81v0YNeQ",0.5333333333333333,0.13333333333333333,Positive
62,"RT @Ericdun19416783: NHS app to be used as vaccine passport

Is discrimination against people who don't own a smart phone",0.8214285714285714,0.40714285714285714,Positive
63,RT @goldengateblond: someone needs to break it to these dolts that no one finds them interesting enough to track https://t.co/egaxGwfdiE,0.5,0.25,Positive
64,RT @austuck: Atlanta should put the vaccine in a hookah if they really want everyone to get it.,0.2,0.2,Positive
65,@craftbeerlife18 @BarbaraKJanik Be prepared for some awful side effects. My friends that got the two dose vaccines‚Ä¶ https://t.co/iEohJAr25R,1.0,-1.0,Negative
66,"RT @chakimid: ÏòÅÍµ≠ ÏÑúÏÑπÏä§ ÌïúÍµ≠Ìïô ÍµêÏàò:
Ï†ïÎ∂ÄÍ∞Ä Ï∂©Î∂ÑÌïú Î∞±Ïã†ÏùÑ Î≥¥Ïú†ÌïòÏßÄ ÏïäÎäîÎã§Í≥† Î™á Ï£º ÎèôÏïàÏùò ÎπÑÎÇú ÌõÑÏóê, Î≥¥Ïàò Ïñ∏Î°†Îì§ÏùÄ Ïñ¥Îñ§ Î∞±Ïã†ÏùÑ ÎßûÎäîÏßÄÎ•º ÏÑ†ÌÉùÌï† Ïàò ÏóÜÎäî Í≤ÉÏúºÎ°ú ÎπÑÌåêÏùÑ ÏòÆÍ∏∞Í≥†, 
Í≥µÏÇ∞Ï£ºÏùòÎùºÍ≥† Ï†úÏãúÌïúÎã§.
ÏÇ¨ÎûåÎì§Ïù¥ ÏÑ†ÌÉùÌï† Ïàò ÏûàÎäî Î∞±Ïã†‚Ä¶",0.0,0.0,Neutral
67,"RT @nhsrcofficial: Starting today, those over the age of 50 years can get vaccinated at any nearby vaccine center. Please take along your C‚Ä¶",0.1,-0.05,Negative
68,Saying Joe Rogan is a comedian is like saying I'm a PGA level golfer.,0.0,0.0,Neutral
69,RT @AcrataCappont: El famoso fil√°ntropo.,0.0,0.0,Neutral
70,"RT @CARROTHUSBAND: the covid situation in India is really bad. The government isn't doing shit, and there are over 350k cases everyday. The‚Ä¶",0.688888888888889,-0.36666666666666664,Negative
71,@rishabh_memes Got both doses of vaccine ü§û‚ù§Ô∏è,0.0,0.0,Neutral
72,"RT @narendramodi: We also reviewed our diverse bilateral cooperation, especially in the area of space exploration and renewable energy sect‚Ä¶",1.0,0.0,Neutral
73,RT @birbigs: Doctors and scientists have spent their entire professional lives laboring over their work so that you could have a vaccine in‚Ä¶,0.27499999999999997,0.0,Neutral
74,So Joe Rogan said something that attracted tons of free media attention? Wow. It's almost like that's exactly what‚Ä¶ https://t.co/nzC8QL4jK1,0.6833333333333332,0.25,Positive
75,"RT @FaheemYounus: India: Vaccines are about safety, efficacy, and trust.

It‚Äôs a risky strategy to start vaccinating a population without s‚Ä¶",0.0,0.0,Neutral
76,@Abhina_Prakash https://t.co/aYvo9tMqHi,0.0,0.0,Neutral
77,RT @ComradeHEwas: https://t.co/9XGuAhBBGZ,0.0,0.0,Neutral
78,"RT @chetan_bhagat: The Pfizer vaccine, one of the best ones, used in most developed countries, applied for permission in India in Dec-2020.‚Ä¶",0.3666666666666667,0.5333333333333333,Positive
79,"‡≤ï‡≥ã‡≤µ‡≤ø‡≤®‡≥ç ‡≤™‡≥ã‡≤∞‡≥ç‡≤ü‡≤≤‡≥ç, ‡≤Ü‡≤∞‡≥ã‡≤ó‡≥ç‡≤Ø-‡≤∏‡≥á‡≤§‡≥Å ‡≤Ü‡≤™‡≥ç ‡≤Æ‡≤§‡≥ç‡≤§‡≥Å ‡≤â‡≤Æ‡≤Ç‡≤ó‡≥ç ‡≤Ö‡≤™‡≥ç‡≤≤‡≤ø‡≤ï‡≥á‡≤∂‡≤®‡≥ç‚Äå‡≤®‡≤≤‡≥ç‡≤≤‡≤ø 18 ‡≤µ‡≤∞‡≥ç‡≤∑‡≤ï‡≥ç‡≤ï‡≥Ü ‡≤Æ‡≥á‡≤≤‡≥ç‡≤™‡≤ü‡≥ç‡≤ü ‡≤é‡≤≤‡≥ç‡≤≤‡≤∞‡≤ø‡≤ó‡≥Ç ‡≤ï‡≥ã‡≤µ‡≤ø‡≤°‡≥ç ‡≤≤‡≤∏‡≤ø‡≤ï‡≥Ü ‡≤®‡≥ã‡≤Ç‡≤¶‡≤£‡≤ø ‡≤™‡≥ç‡≤∞‡≤æ‚Ä¶ https://t.co/62kMSi8Uua",0.0,0.0,Neutral
80,RT @tiffanyrg9: Every fucking thing that was a conspiracy theory six months ago keeps coming true ...,0.7250000000000001,-0.125,Negative
81,"@prezoh True @ScottMorrisonMP ! let me and Prezoh get the vaccine early, society rests upon the shoulders of YT editors",0.475,0.26875,Positive
82,@LuCastroArt1 @meganroseruiz Our country is full of ignorant idiots.  Most of the ones who refuse to get the vaccin‚Ä¶ https://t.co/RoR5FTL9Oe,0.6166666666666667,0.016666666666666646,Positive
83,"RT @CARROTHUSBAND: the covid situation in India is really bad. The government isn't doing shit, and there are over 350k cases everyday. The‚Ä¶",0.688888888888889,-0.36666666666666664,Negative
84,"RT @bhatia_niraj23: 2 hrs after reducing vaccine rates from ‚Çπ400 to ‚Çπ300, ""Philanthropist"" Poonawala gets Y security cover from centre ..",0.0,0.0,Neutral
85,RT @dmuthuk: Unable to understand @drharshvardhan planning. 45+ vaccination yet to be completed.18+ is starting. Widely reported that vacci‚Ä¶,0.3333333333333333,-0.19999999999999998,Negative
86,RT @smitabarooah: Every media house &amp; every politician that fuelled vaccine fear has blood on their hands.  Personally know educated but id‚Ä¶,0.3,0.0,Neutral
87,RT @vivekanandg: Vassoli  For All. Vassoli For All. Vassoli  For All. Vassoli  For All. Vassoli  For All. Vassoli  For All. Vassoli  For Al‚Ä¶,0.0,0.0,Neutral
88,"RT @AlexPattyy: Spotify‚Äôs Joe Rogan encourages ""healthy"" young people not to get a coronavirus vaccine. His show is Spotify's most popular‚Ä¶",0.4666666666666666,0.3666666666666667,Positive
89,"@Bennel40674293 @ZachariusD If you do in fact get it after the vaccine which is far less likely, you fucking dumbas‚Ä¶ https://t.co/nDQFK8UlMM",0.7166666666666666,-0.16666666666666666,Negative
90,"RT @CARROTHUSBAND: the covid situation in India is really bad. The government isn't doing shit, and there are over 350k cases everyday. The‚Ä¶",0.688888888888889,-0.36666666666666664,Negative
91,"RT @alfonslopeztena: It's not vaccine hesitancy. It's COVID-19 denialism. 13% of Americans say they definitely won‚Äôt get a vaccine, but tha‚Ä¶",0.5,0.0,Neutral
92,"RT @bubbaprog: Republican Don Wagner, who represents three million Orange County residents, wants to know if the Covid vaccine has a tracki‚Ä¶",0.1,0.2,Positive
93,RT @NikkiMcR: The speed at which Republicans went from bragging about Trump creating a miracle vaccine to bragging about not taking the vac‚Ä¶,0.0,0.0,Neutral
94,"RT @joe_cressy: Welcome to Team Toronto, @VaxHuntersCan.

Our Team Toronto vaccine campaign is a joint effort with hospitals, pharmacies, c‚Ä¶",0.9,0.8,Positive
95,"RT @_dominiquematti: if anyone in Philly is hoping to get the vaccine, the convention center has 4,000 that need to be used by tomorrow. It‚Ä¶",0.1,-0.1,Negative
96,"RT @benshapiro: Vaccine demand is dropping, particularly among the young and among minorities. To reverse this, we should tell people they‚Ä¶",0.3666666666666667,0.13333333333333333,Positive
97,RT @DrMarkSchlissel: Campus is abuzz with commencement activity &amp; efforts to keep #COVID19 away. Walk-up vaccination clinics are available‚Ä¶,0.0,0.0,Neutral
98,"RT @NicoleDelepine: Officiel :  vaccin√©, on peut tomber malade  du Covid https://t.co/6ndJL8L9Ps",0.0,0.0,Neutral
99,"RT @Article14live: India should learn from its successful polio-vaccine campaign, keep #Covid19 vaccine free, buy stocks centrally, send to‚Ä¶",0.6666666666666666,0.3833333333333333,Positive
100,"RT @Satyanewshi: Why Pfizer vaccine wasn't approved in India?
1. Pfizer wanted India to sign a clause exempting it from any side effect-rel‚Ä¶",0.0,0.0,Neutral
